INSERT INTO Owner(id, name)
VALUES (1, 'Juanma'),
       (2, 'Maite'),
       (3, 'Marc');

INSERT INTO Car(model, owner_id)
VALUES ('Nissan Juke', 1),
       ('Nissan Qasqai', 1),
       ('Ferrari Leon', 1),
       ('Nissan Juke', 2),
       ('Seat Leon', 2),
       ('Nissan Qasqai+', 2),
       ('Nissan Qasqai', 1),
       ('Ferrari Leon', 1),
       ('Nissan Juke', 2),
       ('Seat Leon', 2),
       ('Nissan Qasqai+', 2),
       ('Nissan Qasqai', 1),
       ('Ferrari Leon', 1),
       ('Nissan Juke', 2),
       ('Seat Leon', 2),
       ('Nissan Qasqai+', 2),
       ('Nissan Qasqai', 1),
       ('Ferrari Leon', 1),
       ('Nissan Juke', 2),
       ('Seat Leon', 2),
       ('Nissan Qasqai+', 2),
       ('Nissan Qasqai', 1),
       ('Ferrari Leon', 1),
       ('Nissan Juke', 2),
       ('Seat Leon', 2),
       ('Nissan Qasqai+', 2),
       ('Nissan Qasqai', 1),
       ('Ferrari Leon', 1),
       ('Nissan Juke', 2),
       ('Seat Leon', 2),
       ('Nissan Qasqai+', 2),
       ('Nissan Qasqai', 1),
       ('Ferrari Leon', 1),
       ('Nissan Juke', 2),
       ('Seat Leon', 2),
       ('Nissan Qasqai+', 2),
       ('Nissan Qasqai', 1),
       ('Ferrari Leon', 1),
       ('Nissan Juke', 2),
       ('Seat Leon', 2),
       ('Nissan Qasqai+', 2),
       ('Nissan Qasqai', 1),
       ('Ferrari Leon', 1),
       ('Nissan Juke', 2),
       ('Seat Leon', 2),
       ('Nissan Qasqai+', 2),
       ('Nissan Qasqai', 1),
       ('Ferrari Leon', 1),
       ('Nissan Juke', 2),
       ('Seat Leon', 2),
       ('Nissan Qasqai+', 2),
       ('Nissan Qasqai', 1),
       ('Ferrari Leon', 1),
       ('Nissan Juke', 2),
       ('Seat Leon', 2),
       ('Nissan Qasqai+', 2),
       ('Nissan Qasqai', 1),
       ('Ferrari Leon', 1),
       ('Nissan Juke', 2),
       ('Seat Leon', 2),
       ('Nissan Qasqai+', 2),
       ('Nissan Qasqai', 1),
       ('Ferrari Leon', 1),
       ('Nissan Juke', 2),
       ('Seat Leon', 2),
       ('Nissan Qasqai+', 2),
       ('Nissan Qasqai', 1),
       ('Ferrari Leon', 1),
       ('Nissan Juke', 2),
       ('Seat Leon', 2),
       ('Nissan Qasqai+', 2),
       ('Nissan Qasqai', 1),
       ('Ferrari Leon', 1),
       ('Nissan Juke', 2),
       ('Seat Leon', 2),
       ('Nissan Qasqai+', 2),
       ('Nissan Qasqai', 1),
       ('Ferrari Leon', 1),
       ('Nissan Juke', 2),
       ('Seat Leon', 2),
       ('Nissan Qasqai+', 2),
       ('Nissan Qasqai', 1),
       ('Ferrari Leon', 1),
       ('Nissan Juke', 2),
       ('Seat Leon', 2),
       ('Nissan Qasqai+', 2),
       ('Nissan Qasqai', 1),
       ('Ferrari Leon', 1),
       ('Nissan Juke', 2),
       ('Seat Leon', 2),
       ('Nissan Qasqai+', 2),
       ('Nissan Qasqai', 1),
       ('Ferrari Leon', 1),
       ('Nissan Juke', 2),
       ('Seat Leon', 2),
       ('Nissan Qasqai+', 2),
       ('Nissan Qasqai', 1),
       ('Ferrari Leon', 1),
       ('Nissan Juke', 2),
       ('Seat Leon', 2),
       ('Nissan Qasqai+', 2),
       ('Nissan Qasqai', 1),
       ('Ferrari Leon', 1),
       ('Nissan Juke', 2),
       ('Seat Leon', 2),
       ('Nissan Qasqai+', 2),
       ('Nissan Qasqai', 1),
       ('Ferrari Leon', 1),
       ('Nissan Juke', 2),
       ('Seat Leon', 2),
       ('Nissan Qasqai+', 2),
       ('Nissan Qasqai', 1),
       ('Ferrari Leon', 1),
       ('Nissan Juke', 2),
       ('Seat Leon', 2),
       ('Nissan Qasqai+', 2),
       ('Nissan Qasqai', 1),
       ('Ferrari Leon', 1),
       ('Nissan Juke', 2),
       ('Seat Leon', 2),
       ('Nissan Qasqai+', 2),
       ('Nissan Qasqai', 1),
       ('Ferrari Leon', 1),
       ('Nissan Juke', 2),
       ('Seat Leon', 2),
       ('Nissan Qasqai+', 2),
       ('Nissan Qasqai', 1),
       ('Ferrari Leon', 1),
       ('Nissan Juke', 2),
       ('Seat Leon', 2),
       ('Nissan Qasqai+', 2),
       ('Nissan Qasqai', 1),
       ('Ferrari Leon', 1),
       ('Nissan Juke', 2),
       ('Seat Leon', 2),
       ('Nissan Qasqai+', 2),
       ('Nissan Qasqai', 1),
       ('Ferrari Leon', 1),
       ('Nissan Juke', 2),
       ('Seat Leon', 2),
       ('Nissan Qasqai+', 2),
       ('Nissan Qasqai', 1),
       ('Ferrari Leon', 1),
       ('Nissan Juke', 2),
       ('Seat Leon', 2),
       ('Nissan Qasqai+', 2),
       ('Nissan Qasqai', 1),
       ('Ferrari Leon', 1),
       ('Nissan Juke', 2),
       ('Seat Leon', 2),
       ('Nissan Qasqai+', 2),
       ('Nissan Qasqai', 1),
       ('Ferrari Leon', 1),
       ('Nissan Juke', 2),
       ('Seat Leon', 2),
       ('Nissan Qasqai+', 2),
       ('Nissan Qasqai', 1),
       ('Ferrari Leon', 1),
       ('Nissan Juke', 2),
       ('Seat Leon', 2),
       ('Nissan Qasqai+', 2),
       ('Nissan Qasqai', 1),
       ('Ferrari Leon', 1),
       ('Nissan Juke', 2),
       ('Seat Leon', 2),
       ('Nissan Qasqai+', 2),
       ('Nissan Qasqai', 1),
       ('Ferrari Leon', 1),
       ('Nissan Juke', 2),
       ('Seat Leon', 2),
       ('Nissan Qasqai+', 2),
       ('Nissan Qasqai', 1),
       ('Ferrari Leon', 1),
       ('Nissan Juke', 2),
       ('Seat Leon', 2),
       ('Nissan Qasqai+', 2),
       ('Nissan Qasqai', 1),
       ('Ferrari Leon', 1),
       ('Nissan Juke', 2),
       ('Seat Leon', 2),
       ('Nissan Qasqai+', 2),
       ('Nissan Qasqai', 1),
       ('Ferrari Leon', 1),
       ('Nissan Juke', 2),
       ('Seat Leon', 2),
       ('Nissan Qasqai+', 2),
       ('Nissan Qasqai', 1),
       ('Ferrari Leon', 1),
       ('Nissan Juke', 2),
       ('Seat Leon', 2),
       ('Nissan Qasqai+', 2),
       ('Nissan Qasqai', 1),
       ('Ferrari Leon', 1),
       ('Nissan Juke', 2),
       ('Seat Leon', 2),
       ('Nissan Qasqai+', 2),
       ('Nissan Qasqai', 1),
       ('Ferrari Leon', 1),
       ('Nissan Juke', 2),
       ('Seat Leon', 2),
       ('Nissan Qasqai+', 2),
       ('Nissan Qasqai', 1),
       ('Ferrari Leon', 1),
       ('Nissan Juke', 2),
       ('Seat Leon', 2),
       ('Nissan Qasqai+', 2),
       ('Nissan Qasqai', 1),
       ('Ferrari Leon', 1),
       ('Nissan Juke', 2),
       ('Seat Leon', 2),
       ('Nissan Qasqai+', 2),
       ('Nissan Qasqai', 1),
       ('Ferrari Leon', 1),
       ('Nissan Juke', 2),
       ('Seat Leon', 2),
       ('Nissan Qasqai+', 2),
       ('Nissan Qasqai', 1),
       ('Ferrari Leon', 1),
       ('Nissan Juke', 2),
       ('Seat Leon', 2),
       ('Nissan Qasqai+', 2),
       ('Nissan Qasqai', 1),
       ('Ferrari Leon', 1),
       ('Nissan Juke', 2),
       ('Seat Leon', 2),
       ('Nissan Qasqai+', 2),
       ('Nissan Qasqai', 1),
       ('Ferrari Leon', 1),
       ('Nissan Juke', 2),
       ('Seat Leon', 2),
       ('Nissan Qasqai+', 2),
       ('Nissan Qasqai', 1),
       ('Ferrari Leon', 1),
       ('Nissan Juke', 2),
       ('Seat Leon', 2),
       ('Nissan Qasqai+', 2),
       ('Nissan Qasqai', 1),
       ('Ferrari Leon', 1),
       ('Nissan Juke', 2),
       ('Seat Leon', 2),
       ('Nissan Qasqai+', 2),
       ('Nissan Qasqai', 1),
       ('Ferrari Leon', 1),
       ('Nissan Juke', 2),
       ('Seat Leon', 2),
       ('Nissan Qasqai+', 2),
       ('Nissan Qasqai', 1),
       ('Ferrari Leon', 1),
       ('Nissan Juke', 2),
       ('Seat Leon', 2),
       ('Nissan Qasqai+', 2),
       ('Nissan Qasqai', 1),
       ('Ferrari Leon', 1),
       ('Nissan Juke', 2),
       ('Seat Leon', 2),
       ('Nissan Qasqai+', 2),
       ('Nissan Qasqai', 1),
       ('Ferrari Leon', 1),
       ('Nissan Juke', 2),
       ('Seat Leon', 2),
       ('Nissan Qasqai+', 2),
       ('Nissan Qasqai', 1),
       ('Ferrari Leon', 1),
       ('Nissan Juke', 2),
       ('Seat Leon', 2),
       ('Nissan Qasqai+', 2),
       ('Nissan Qasqai', 1),
       ('Ferrari Leon', 1),
       ('Nissan Juke', 2),
       ('Seat Leon', 2),
       ('Nissan Qasqai+', 2),
       ('Nissan Qasqai', 1),
       ('Ferrari Leon', 1),
       ('Nissan Juke', 2),
       ('Seat Leon', 2),
       ('Nissan Qasqai+', 2),
       ('Nissan Qasqai', 1),
       ('Ferrari Leon', 1),
       ('Nissan Juke', 2),
       ('Seat Leon', 2),
       ('Nissan Qasqai+', 2),
       ('Nissan Qasqai', 1),
       ('Ferrari Leon', 1),
       ('Nissan Juke', 2),
       ('Seat Leon', 2),
       ('Nissan Qasqai+', 2),
       ('Nissan Qasqai', 1),
       ('Ferrari Leon', 1),
       ('Nissan Juke', 2),
       ('Seat Leon', 2),
       ('Nissan Qasqai+', 2),
       ('Nissan Qasqai', 1),
       ('Ferrari Leon', 1),
       ('Nissan Juke', 2),
       ('Seat Leon', 2),
       ('Nissan Qasqai+', 2),
       ('Nissan Qasqai', 1),
       ('Ferrari Leon', 1),
       ('Nissan Juke', 2),
       ('Seat Leon', 2),
       ('Nissan Qasqai+', 2),
       ('Nissan Qasqai', 1),
       ('Ferrari Leon', 1),
       ('Nissan Juke', 2),
       ('Seat Leon', 2),
       ('Nissan Qasqai+', 2),
       ('Nissan Qasqai', 1),
       ('Ferrari Leon', 1),
       ('Nissan Juke', 2),
       ('Seat Leon', 2),
       ('Nissan Qasqai+', 2),
       ('Nissan Qasqai', 1),
       ('Ferrari Leon', 1),
       ('Nissan Juke', 2),
       ('Seat Leon', 2),
       ('Nissan Qasqai+', 2),
       ('Moto de pasillo', 3);

INSERT INTO Toy(name, owner_id)
VALUES ('Lego 1', 1),
       ('Lego 2', 1),
       ('Playmobil 1', 1),
       ('Lego 1', 2),
       ('Playmobil 2', 2),
       ('Playmobil 3', 2),
       ('Lego 2', 1),
       ('Playmobil 1', 1),
       ('Lego 1', 2),
       ('Playmobil 2', 2),
       ('Playmobil 3', 2),
       ('Lego 2', 1),
       ('Playmobil 1', 1),
       ('Lego 1', 2),
       ('Playmobil 2', 2),
       ('Playmobil 3', 2),
       ('Lego 2', 1),
       ('Playmobil 1', 1),
       ('Lego 1', 2),
       ('Playmobil 2', 2),
       ('Playmobil 3', 2),
       ('Lego 2', 1),
       ('Playmobil 1', 1),
       ('Lego 1', 2),
       ('Playmobil 2', 2),
       ('Playmobil 3', 2),
       ('Lego 2', 1),
       ('Playmobil 1', 1),
       ('Lego 1', 2),
       ('Playmobil 2', 2),
       ('Playmobil 3', 2),
       ('Lego 2', 1),
       ('Playmobil 1', 1),
       ('Lego 1', 2),
       ('Playmobil 2', 2),
       ('Playmobil 3', 2),
       ('Lego 2', 1),
       ('Playmobil 1', 1),
       ('Lego 1', 2),
       ('Playmobil 2', 2),
       ('Playmobil 3', 2),
       ('Lego 2', 1),
       ('Playmobil 1', 1),
       ('Lego 1', 2),
       ('Playmobil 2', 2),
       ('Playmobil 3', 2),
       ('Lego 2', 1),
       ('Playmobil 1', 1),
       ('Lego 1', 2),
       ('Playmobil 2', 2),
       ('Playmobil 3', 2),
       ('Lego 2', 1),
       ('Playmobil 1', 1),
       ('Lego 1', 2),
       ('Playmobil 2', 2),
       ('Playmobil 3', 2),
       ('Lego 2', 1),
       ('Playmobil 1', 1),
       ('Lego 1', 2),
       ('Playmobil 2', 2),
       ('Playmobil 3', 2),
       ('Lego 2', 1),
       ('Playmobil 1', 1),
       ('Lego 1', 2),
       ('Playmobil 2', 2),
       ('Playmobil 3', 2),
       ('Lego 2', 1),
       ('Playmobil 1', 1),
       ('Lego 1', 2),
       ('Playmobil 2', 2),
       ('Playmobil 3', 2),
       ('Lego 2', 1),
       ('Playmobil 1', 1),
       ('Lego 1', 2),
       ('Playmobil 2', 2),
       ('Playmobil 3', 2),
       ('Lego 2', 1),
       ('Playmobil 1', 1),
       ('Lego 1', 2),
       ('Playmobil 2', 2),
       ('Playmobil 3', 2),
       ('Lego 2', 1),
       ('Playmobil 1', 1),
       ('Lego 1', 2),
       ('Playmobil 2', 2),
       ('Playmobil 3', 2),
       ('Lego 2', 1),
       ('Playmobil 1', 1),
       ('Lego 1', 2),
       ('Playmobil 2', 2),
       ('Playmobil 3', 2),
       ('Lego 2', 1),
       ('Playmobil 1', 1),
       ('Lego 1', 2),
       ('Playmobil 2', 2),
       ('Playmobil 3', 2),
       ('Lego 2', 1),
       ('Playmobil 1', 1),
       ('Lego 1', 2),
       ('Playmobil 2', 2),
       ('Playmobil 3', 2),
       ('Lego 2', 1),
       ('Playmobil 1', 1),
       ('Lego 1', 2),
       ('Playmobil 2', 2),
       ('Playmobil 3', 2),
       ('Lego 2', 1),
       ('Playmobil 1', 1),
       ('Lego 1', 2),
       ('Playmobil 2', 2),
       ('Playmobil 3', 2),
       ('Lego 2', 1),
       ('Playmobil 1', 1),
       ('Lego 1', 2),
       ('Playmobil 2', 2),
       ('Playmobil 3', 2),
       ('Lego 2', 1),
       ('Playmobil 1', 1),
       ('Lego 1', 2),
       ('Playmobil 2', 2),
       ('Playmobil 3', 2),
       ('Lego 2', 1),
       ('Playmobil 1', 1),
       ('Lego 1', 2),
       ('Playmobil 2', 2),
       ('Playmobil 3', 2),
       ('Lego 2', 1),
       ('Playmobil 1', 1),
       ('Lego 1', 2),
       ('Playmobil 2', 2),
       ('Playmobil 3', 2),
       ('Lego 2', 1),
       ('Playmobil 1', 1),
       ('Lego 1', 2),
       ('Playmobil 2', 2),
       ('Playmobil 3', 2),
       ('Lego 2', 1),
       ('Playmobil 1', 1),
       ('Lego 1', 2),
       ('Playmobil 2', 2),
       ('Playmobil 3', 2),
       ('Lego 2', 1),
       ('Playmobil 1', 1),
       ('Lego 1', 2),
       ('Playmobil 2', 2),
       ('Playmobil 3', 2),
       ('Lego 2', 1),
       ('Playmobil 1', 1),
       ('Lego 1', 2),
       ('Playmobil 2', 2),
       ('Playmobil 3', 2),
       ('Lego 2', 1),
       ('Playmobil 1', 1),
       ('Lego 1', 2),
       ('Playmobil 2', 2),
       ('Playmobil 3', 2),
       ('Lego 2', 1),
       ('Playmobil 1', 1),
       ('Lego 1', 2),
       ('Playmobil 2', 2),
       ('Playmobil 3', 2),
       ('Lego 2', 1),
       ('Playmobil 1', 1),
       ('Lego 1', 2),
       ('Playmobil 2', 2),
       ('Playmobil 3', 2),
       ('Lego 2', 1),
       ('Playmobil 1', 1),
       ('Lego 1', 2),
       ('Playmobil 2', 2),
       ('Playmobil 3', 2),
       ('Lego 2', 1),
       ('Playmobil 1', 1),
       ('Lego 1', 2),
       ('Playmobil 2', 2),
       ('Playmobil 3', 2),
       ('Lego 2', 1),
       ('Playmobil 1', 1),
       ('Lego 1', 2),
       ('Playmobil 2', 2),
       ('Playmobil 3', 2),
       ('Lego 2', 1),
       ('Playmobil 1', 1),
       ('Lego 1', 2),
       ('Playmobil 2', 2),
       ('Playmobil 3', 2),
       ('Lego 2', 1),
       ('Playmobil 1', 1),
       ('Lego 1', 2),
       ('Playmobil 2', 2),
       ('Playmobil 3', 2),
       ('Lego 2', 1),
       ('Playmobil 1', 1),
       ('Lego 1', 2),
       ('Playmobil 2', 2),
       ('Playmobil 3', 2),
       ('Lego 2', 1),
       ('Playmobil 1', 1),
       ('Lego 1', 2),
       ('Playmobil 2', 2),
       ('Playmobil 3', 2),
       ('Lego 2', 1),
       ('Playmobil 1', 1),
       ('Lego 1', 2),
       ('Playmobil 2', 2),
       ('Playmobil 3', 2),
       ('Lego 2', 1),
       ('Playmobil 1', 1),
       ('Lego 1', 2),
       ('Playmobil 2', 2),
       ('Playmobil 3', 2),
       ('Lego 2', 1),
       ('Playmobil 1', 1),
       ('Lego 1', 2),
       ('Playmobil 2', 2),
       ('Playmobil 3', 2),
       ('Lego 2', 1),
       ('Playmobil 1', 1),
       ('Lego 1', 2),
       ('Playmobil 2', 2),
       ('Playmobil 3', 2),
       ('Lego 2', 1),
       ('Playmobil 1', 1),
       ('Lego 1', 2),
       ('Playmobil 2', 2),
       ('Playmobil 3', 2),
       ('Lego 2', 1),
       ('Playmobil 1', 1),
       ('Lego 1', 2),
       ('Playmobil 2', 2),
       ('Playmobil 3', 2),
       ('Lego 2', 1),
       ('Playmobil 1', 1),
       ('Lego 1', 2),
       ('Playmobil 2', 2),
       ('Playmobil 3', 2),
       ('Lego 2', 1),
       ('Playmobil 1', 1),
       ('Lego 1', 2),
       ('Playmobil 2', 2),
       ('Playmobil 3', 2),
       ('Lego 2', 1),
       ('Playmobil 1', 1),
       ('Lego 1', 2),
       ('Playmobil 2', 2),
       ('Playmobil 3', 2),
       ('Lego 2', 1),
       ('Playmobil 1', 1),
       ('Lego 1', 2),
       ('Playmobil 2', 2),
       ('Playmobil 3', 2),
       ('Lego 2', 1),
       ('Playmobil 1', 1),
       ('Lego 1', 2),
       ('Playmobil 2', 2),
       ('Playmobil 3', 2),
       ('Lego 2', 1),
       ('Playmobil 1', 1),
       ('Lego 1', 2),
       ('Playmobil 2', 2),
       ('Playmobil 3', 2),
       ('Lego 2', 1),
       ('Playmobil 1', 1),
       ('Lego 1', 2),
       ('Playmobil 2', 2),
       ('Playmobil 3', 2),
       ('Lego 2', 1),
       ('Playmobil 1', 1),
       ('Lego 1', 2),
       ('Playmobil 2', 2),
       ('Playmobil 3', 2),
       ('Lego 2', 1),
       ('Playmobil 1', 1),
       ('Lego 1', 2),
       ('Playmobil 2', 2),
       ('Playmobil 3', 2),
       ('Lego 2', 1),
       ('Playmobil 1', 1),
       ('Lego 1', 2),
       ('Playmobil 2', 2),
       ('Playmobil 3', 2),
       ('Lego 2', 1),
       ('Playmobil 1', 1),
       ('Lego 1', 2),
       ('Playmobil 2', 2),
       ('Playmobil 3', 2),
       ('Lego 2', 1),
       ('Playmobil 1', 1),
       ('Lego 1', 2),
       ('Playmobil 2', 2),
       ('Playmobil 3', 2),
       ('Lego 2', 1),
       ('Playmobil 1', 1),
       ('Lego 1', 2),
       ('Playmobil 2', 2),
       ('Playmobil 3', 2),
       ('Lego 2', 1),
       ('Playmobil 1', 1),
       ('Lego 1', 2),
       ('Playmobil 2', 2),
       ('Playmobil 3', 2),
       ('Lego 2', 1),
       ('Playmobil 1', 1),
       ('Lego 1', 2),
       ('Playmobil 2', 2),
       ('Playmobil 3', 2),
       ('Lego 2', 1),
       ('Playmobil 1', 1),
       ('Lego 1', 2),
       ('Playmobil 2', 2),
       ('Playmobil 3', 2),
       ('Lego 2', 1),
       ('Playmobil 1', 1),
       ('Lego 1', 2),
       ('Playmobil 2', 2),
       ('Playmobil 3', 2),
       ('Lego 2', 1),
       ('Playmobil 1', 1),
       ('Lego 1', 2),
       ('Playmobil 2', 2),
       ('Playmobil 3', 2),
       ('Lego 2', 1),
       ('Playmobil 1', 1),
       ('Lego 1', 2),
       ('Playmobil 2', 2),
       ('Playmobil 3', 2),
       ('Lego 2', 1),
       ('Playmobil 1', 1),
       ('Lego 1', 2),
       ('Playmobil 2', 2),
       ('Playmobil 3', 2),
       ('Lego 2', 1),
       ('Playmobil 1', 1),
       ('Lego 1', 2),
       ('Playmobil 2', 2),
       ('Playmobil 3', 2),
       ('Playmobil 4', 3);